city,lat_lngs,lat,long,temp,max_temp,humidity,wind_speed,clouds
sitka,"(54.195017882651655, -140.9961652832942)",54.195017882651655,-140.9961652832942,68,68,64,4.7,1
sao joao da barra,"(-32.56067629162232, -24.477583095776794)",-32.56067629162232,-24.477583095776794,74.8,74.8,92,5.79,100
gizo,"(-10.657827351856753, 157.44736886399937)",-10.657827351856753,157.44736886399937,84,84,75,12.03,7
vila franca do campo,"(37.0216709273888, -21.829063954293986)",37.0216709273888,-21.829063954293986,70,70,72,1.01,0
butaritari,"(21.46527150153588, 163.18601932759464)",21.46527150153588,163.18601932759464,82.94,82.94,73,16.26,0
piacabucu,"(-12.433612424765997, -34.31904287936973)",-12.433612424765997,-34.31904287936973,73.26,73.26,77,9.53,4
atuona,"(-10.750013044076624, -137.68152622370354)",-10.750013044076624,-137.68152622370354,78.89,78.89,75,21.03,4
lincoln,"(-34.55628344244038, -61.45094984983196)",-34.55628344244038,-61.45094984983196,77.2,78.8,61,6.93,75
tasiilaq,"(69.6231797838698, -41.73443947370316)",69.6231797838698,-41.73443947370316,42.8,42.8,81,3.36,54
dingle,"(47.19177076462984, -14.787794026048516)",47.19177076462984,-14.787794026048516,83.43,83.43,79,11.27,100
qaanaaq,"(88.2395639289968, -87.6212719303673)",88.2395639289968,-87.6212719303673,41.49,41.49,68,1.48,0
punta arenas,"(-65.70081161955372, -85.36361854685833)",-65.70081161955372,-85.36361854685833,85.55,85.55,66,2.73,46
clyde river,"(70.53708875329468, -83.44583541173478)",70.53708875329468,-83.44583541173478,83.37,84.2,51,11.41,40
moindou,"(-25.203496305562766, 163.411633981517)",-25.203496305562766,163.411633981517,82.4,82.4,54,13.87,18
cherskiy,"(69.85335299290793, 162.5536559215675)",69.85335299290793,162.5536559215675,49.24,49.24,61,17.34,15
souillac,"(-43.81603867476393, 68.14668408529056)",-43.81603867476393,68.14668408529056,69.8,69.8,88,8.05,40
barrow,"(76.41319588109891, -156.2379926958154)",76.41319588109891,-156.2379926958154,46.4,46.4,75,25.28,1
sao filipe,"(12.384326368380712, -28.716158445726222)",12.384326368380712,-28.716158445726222,74.8,74.8,92,5.79,100
ribeira grande,"(31.58166832657328, -44.711529612387125)",31.58166832657328,-44.711529612387125,66.96,70,77,1.12,0
tuktoyaktuk,"(85.71822280574412, -142.22009496336852)",85.71822280574412,-142.22009496336852,55.4,55.4,76,9.17,75
beringovskiy,"(53.69969559384634, 177.6103921164124)",53.69969559384634,177.6103921164124,54.82,54.82,80,12.19,86
miles city,"(47.766949536563004, -106.06220513402252)",47.766949536563004,-106.06220513402252,65.57,71.6,56,13.87,1
hermanus,"(-63.7867757933129, 12.78371481839514)",-63.7867757933129,12.78371481839514,55.99,55.99,89,3,80
albany,"(-87.15308839563772, 89.64147381955047)",-87.15308839563772,89.64147381955047,73.08,73.99,58,5.26,82
cape town,"(-53.65198490603551, -9.462707846536233)",-53.65198490603551,-9.462707846536233,39.2,39.2,100,3.36,100
lebu,"(-35.69158607684556, -75.9941053966131)",-35.69158607684556,-75.9941053966131,44.87,44.87,74,4.47,100
bluff,"(-65.77759785783938, 154.91589031039456)",-65.77759785783938,154.91589031039456,54.48,54.48,70,11.68,100
nikolskoye,"(46.36997116633913, 179.80941300093906)",46.36997116633913,179.80941300093906,56.08,57.2,82,6.71,5
pathein,"(16.899747591667534, 93.59541948444877)",16.899747591667534,93.59541948444877,80.76,80.76,87,4.16,96
vaini,"(-79.10774757544766, -168.91230143409527)",-79.10774757544766,-168.91230143409527,71.6,71.6,78,17.22,75
murray bridge,"(-33.723048492758814, 140.3010676247655)",-33.723048492758814,140.3010676247655,88.5,90,22,6.93,1
luzilandia,"(-3.342676048090155, -42.15426901594151)",-3.342676048090155,-42.15426901594151,73.31,73.31,86,4.16,0
luganville,"(-14.580400441181268, 165.60531718786098)",-14.580400441181268,165.60531718786098,82.4,82.4,83,11.5,75
cayenne,"(15.388996900850401, -44.59210723276075)",15.388996900850401,-44.59210723276075,80.6,80.6,83,4.7,55
sayyan,"(16.19641378824018, 46.895238461148864)",16.19641378824018,46.895238461148864,60.22,60.22,82,3.36,90
port alfred,"(-86.38855899711841, 41.85791684832816)",-86.38855899711841,41.85791684832816,71.69,71.69,49,6.96,0
padang,"(-6.629737539256396, 88.89588385291296)",-6.629737539256396,88.89588385291296,80.4,80.4,68,3.15,96
ilulissat,"(74.30208413779411, -46.26230791428384)",74.30208413779411,-46.26230791428384,44.6,44.6,81,4.7,79
busselton,"(-88.8053396521719, 82.8245554563249)",-88.8053396521719,82.8245554563249,49.24,52,96,6.69,82
rikitea,"(-29.059006182465204, -132.74683274726618)",-29.059006182465204,-132.74683274726618,73.27,73.27,84,14.63,100
glen ellyn,"(41.875137078836644, -88.08487170429247)",41.875137078836644,-88.08487170429247,75.07,77,53,4.7,1
kindu,"(-2.440265771982496, 25.25628102521921)",-2.440265771982496,25.25628102521921,69.13,69.13,45,0.58,0
kroya,"(-8.482537432748131, 108.98699011210113)",-8.482537432748131,108.98699011210113,74.53,74.53,69,6.62,4
vao,"(-28.63647844534701, 167.08229646141143)",-28.63647844534701,167.08229646141143,72.25,72.25,84,24.99,22
anapskaya,"(44.51695620621868, 37.10016415294683)",44.51695620621868,37.10016415294683,66.09,66.2,93,4.47,0
saskylakh,"(82.90443237416386, 114.90072876607456)",82.90443237416386,114.90072876607456,57.76,57.76,59,3.78,0
ushuaia,"(-89.4645609309741, -46.19045193431981)",-89.4645609309741,-46.19045193431981,37.4,37.4,95,19.46,20
hanzhong,"(33.583155132385826, 107.65353034495439)",33.583155132385826,107.65353034495439,71.85,71.85,86,2.17,100
kavieng,"(8.427074255170524, 159.16241693156343)",8.427074255170524,159.16241693156343,84.34,84.34,67,5.61,24
mataura,"(-55.9512768050784, -149.65908282181496)",-55.9512768050784,-149.65908282181496,54.55,54.55,72,2.98,100
thompson,"(69.8578929593327, -89.01465412491241)",69.8578929593327,-89.01465412491241,75.2,75.2,50,6.93,20
lawigan,"(10.363944868407884, 122.13083321310324)",10.363944868407884,122.13083321310324,83.23,83.23,76,4.99,97
ragandang,"(6.65903851781988, 124.16304105757968)",6.65903851781988,124.16304105757968,80.24,80.24,76,2.55,100
ende,"(-10.450753331040062, 121.80245336356455)",-10.450753331040062,121.80245336356455,78.46,78.46,63,5.84,50
kutum,"(18.539443994269718, 24.325347232394137)",18.539443994269718,24.325347232394137,74.68,74.68,68,9.86,100
pangnirtung,"(67.09083810499598, -63.6826207457582)",67.09083810499598,-63.6826207457582,54.48,54.48,73,3.22,84
rumonge,"(-4.269009056324933, 28.30202614412957)",-4.269009056324933,28.30202614412957,72.28,72.28,54,2.68,0
codrington,"(22.23868826123801, -57.080315712976244)",22.23868826123801,-57.080315712976244,52.66,52.66,78,6.26,97
grafton,"(48.75024865827069, -96.7227611393824)",48.75024865827069,-96.7227611393824,77.43,80.01,54,6.93,1
sinnamary,"(17.35973431158375, -44.770931799567364)",17.35973431158375,-44.770931799567364,78.76,78.76,83,9.84,82
kapaa,"(24.488634744585752, -176.0583913842752)",24.488634744585752,-176.0583913842752,81.03,82.4,69,14.99,40
red wing,"(44.572106372294655, -92.23309938944607)",44.572106372294655,-92.23309938944607,65.3,65.3,35,2.51,0
victoria,"(-0.6305341749433637, 61.82657905149992)",-0.6305341749433637,61.82657905149992,83.62,84.99,83,3,100
ambon,"(-4.158585010151469, 125.38709749518097)",-4.158585010151469,125.38709749518097,80.6,80.6,83,6.93,75
castro,"(-43.457232623884956, -84.30984178069987)",-43.457232623884956,-84.30984178069987,51.31,51.31,96,9.44,99
albury,"(-35.55715945029114, 146.9353117899148)",-35.55715945029114,146.9353117899148,42.69,43,100,1.54,90
praia,"(8.370565985040827, -23.84187062319694)",8.370565985040827,-23.84187062319694,78.8,78.8,83,8.05,20
puerto ayora,"(-9.168878342371698, -110.13190183229108)",-9.168878342371698,-110.13190183229108,78.13,80.6,74,6.93,0
dikson,"(88.31368890576692, 68.2001857280008)",88.31368890576692,68.2001857280008,48.31,48.31,80,3.83,96
ancud,"(-40.5231516667274, -102.99800073869329)",-40.5231516667274,-102.99800073869329,41.02,43,93,2.24,63
yurginskoye,"(56.898437797351534, 67.08115824602754)",56.898437797351534,67.08115824602754,52.61,52.61,67,6.22,100
talnakh,"(74.961071595345, 94.60900495036077)",74.961071595345,94.60900495036077,59,59,67,6.71,37
verkhovazhye,"(60.63081833838089, 41.70364558433289)",60.63081833838089,41.70364558433289,61.56,61.56,96,3.27,100
constitucion,"(18.71565307165578, -120.37501086170953)",18.71565307165578,-120.37501086170953,48.54,48.54,70,4.27,100
grand centre,"(55.61869050879969, -109.7223079837867)",55.61869050879969,-109.7223079837867,98.6,98.6,11,7.96,1
geraldton,"(-27.026361378649597, 119.17336522440445)",-27.026361378649597,119.17336522440445,51.8,51.8,76,6.93,0
hasaki,"(25.102302891855956, 161.82242976507035)",25.102302891855956,161.82242976507035,70.03,72,100,8.05,75
guanica,"(16.116903850653728, -66.88435957238663)",16.116903850653728,-66.88435957238663,78.57,81,89,1.01,100
saint-philippe,"(-55.79925449003081, 66.0956817521375)",-55.79925449003081,66.0956817521375,64.63,69.8,77,4.7,16
tahta,"(24.296488452228644, 27.91379595629664)",24.296488452228644,27.91379595629664,85.96,85.96,35,12.64,0
vestmannaeyjar,"(62.37729949702316, -20.290443144567945)",62.37729949702316,-20.290443144567945,52.12,52.12,89,6.73,25
east london,"(-65.65452913249318, 46.29290893626052)",-65.65452913249318,46.29290893626052,44.6,44.6,87,2.24,75
hobart,"(-70.3584578393606, 145.63668030679617)",-70.3584578393606,145.63668030679617,51.17,51.8,57,9.17,40
bengkulu,"(-9.130590211190679, 96.25801767474292)",-9.130590211190679,96.25801767474292,75.97,75.97,85,3.78,95
port lincoln,"(-39.360784094030066, 131.41276544070968)",-39.360784094030066,131.41276544070968,71.69,71.69,49,6.96,0
manaia,"(-39.773893677105946, 174.0112564586745)",-39.773893677105946,174.0112564586745,52.54,54,83,8.01,100
chuy,"(-47.68639330971535, -41.05819390331936)",-47.68639330971535,-41.05819390331936,42.37,42.37,84,2.59,0
isangel,"(-18.915406716055486, 171.44163420590053)",-18.915406716055486,171.44163420590053,82.4,82.4,65,11.41,20
tautira,"(-17.71322129407774, -141.40533562351746)",-17.71322129407774,-141.40533562351746,82.4,82.4,69,19.46,75
raudeberg,"(66.74922418098163, 1.1707078666588018)",66.74922418098163,1.1707078666588018,55.2,55.4,87,12.75,100
avarua,"(-15.985042463943984, -162.85448492450718)",-15.985042463943984,-162.85448492450718,69.8,69.8,83,6.93,1
bosaso,"(10.40908967069403, 48.13429981168534)",10.40908967069403,48.13429981168534,89.65,89.65,45,15.28,6
yellowknife,"(86.50498504924076, -106.84164966037716)",86.50498504924076,-106.84164966037716,71.06,73,46,11.41,40
jamestown,"(-24.213173019637622, -11.745455975796574)",-24.213173019637622,-11.745455975796574,72.25,73,78,4.7,75
leningradskiy,"(73.69837203978571, 179.38389292341645)",73.69837203978571,179.38389292341645,43.45,43.45,72,14.52,24
kano,"(11.637835254658398, 8.240984422120931)",11.637835254658398,8.240984422120931,78.8,78.8,78,9.17,100
huarmey,"(-12.806078696083674, -84.0109658534866)",-12.806078696083674,-84.0109658534866,59.61,59.61,84,6.69,0
kodiak,"(44.219502631445636, -146.19358464703944)",44.219502631445636,-146.19358464703944,69.8,69.8,52,13.87,1
aitape,"(-3.2263762884113163, 142.2123791850002)",-3.2263762884113163,142.2123791850002,85.64,85.64,63,4.85,27
kaffrine,"(13.950861178756867, -15.684218489567684)",13.950861178756867,-15.684218489567684,80.6,80.6,83,11.01,40
bulembu,"(-25.98754468228158, 31.251215840245862)",-25.98754468228158,31.251215840245862,53.98,55.4,54,4.7,0
xicotencatl,"(22.90582133163126, -98.8541579104863)",22.90582133163126,-98.8541579104863,77.95,79,66,1.99,100
ulladulla,"(-40.53089187652001, 157.03355851458144)",-40.53089187652001,157.03355851458144,54.95,59,62,8.05,20
cabo san lucas,"(8.383152134563048, -123.7816780112292)",8.383152134563048,-123.7816780112292,78.8,78.8,69,16.11,75
mozarlandia,"(-14.716106650669644, -51.35477211254937)",-14.716106650669644,-51.35477211254937,73.94,73.94,43,4.9,0
arraial do cabo,"(-40.66878494635841, -26.460557330246274)",-40.66878494635841,-26.460557330246274,60.44,60.8,72,21.92,40
izberbash,"(43.456023854795745, 48.95921159429895)",43.456023854795745,48.95921159429895,73.2,73.4,64,8.95,40
grand gaube,"(-14.671158287118686, 68.37980300047909)",-14.671158287118686,68.37980300047909,98.6,98.6,11,7.96,1
carnarvon,"(-25.279714685718247, 94.85250268410601)",-25.279714685718247,94.85250268410601,55.4,55.4,93,6.93,0
auki,"(-7.958516536902266, 163.3944021748112)",-7.958516536902266,163.3944021748112,82.81,82.81,78,4.92,99
falam,"(22.81695071360612, 93.96769549300973)",22.81695071360612,93.96769549300973,62.37,62.37,100,2.39,100
orange,"(-33.0488358735419, 149.13775827991037)",-33.0488358735419,149.13775827991037,79.02,84,64,9.17,20
ugoofaaru,"(5.685835245803787, 63.862762895158994)",5.685835245803787,63.862762895158994,82.27,82.27,80,18.07,100
bredasdorp,"(-77.81198377716652, 13.717797188655709)",-77.81198377716652,13.717797188655709,57.2,57.2,76,11.41,94
coihaique,"(-49.93591223706972, -76.47194884092788)",-49.93591223706972,-76.47194884092788,32,32,94,1.34,100
hilo,"(25.914876965600442, -150.12515681613525)",25.914876965600442,-150.12515681613525,79.38,84.2,51,12.75,75
bethel,"(58.453308649257195, -158.63586025639108)",58.453308649257195,-158.63586025639108,77.95,80.6,69,9.17,1
shakhunya,"(57.647010544226305, 46.64495566772385)",57.647010544226305,46.64495566772385,63.14,63.14,96,6.89,100
hithadhoo,"(-2.2907637594012726, 73.10649842102814)",-2.2907637594012726,73.10649842102814,82.4,82.4,80,13.56,98
norman wells,"(76.47658898100485, -119.58213854165123)",76.47658898100485,-119.58213854165123,85.73,86,66,9.17,99
zhongshu,"(24.730124240015456, 104.29050026574697)",24.730124240015456,104.29050026574697,69.71,69.71,81,0.65,99
kahului,"(21.96238768521924, -156.0318511143957)",21.96238768521924,-156.0318511143957,81.93,89.6,43,26.4,20
springbok,"(-30.47579116137532, 17.03984671271442)",-30.47579116137532,17.03984671271442,44.96,44.96,55,4.23,0
naze,"(26.202033430949186, 135.93470123830912)",26.202033430949186,135.93470123830912,87.8,87.8,79,6.93,20
sao gabriel da cachoeira,"(1.189729935352375, -66.92283761815484)",1.189729935352375,-66.92283761815484,75.34,75.34,89,2.73,100
georgetown,"(-7.548055801039354, -20.775077683300452)",-7.548055801039354,-20.775077683300452,79.25,80.6,88,3.36,20
saint-joseph,"(-30.607379922927528, 55.10112959262784)",-30.607379922927528,55.10112959262784,66.2,66.2,77,4.7,54
lakselv,"(70.44692624271758, 24.864067625688335)",70.44692624271758,24.864067625688335,53.6,53.6,93,5.82,6
khatanga,"(73.0314668588226, 107.6987723071465)",73.0314668588226,107.6987723071465,63.21,63.21,55,13.6,100
sorong,"(-1.9100173515937229, 130.9025429245542)",-1.9100173515937229,130.9025429245542,82.51,82.51,76,10.49,1
aykhal,"(64.86591961509274, 112.28520691332369)",64.86591961509274,112.28520691332369,53.6,53.6,71,4.47,99
new norfolk,"(-55.47063966623619, 136.23834489300845)",-55.47063966623619,136.23834489300845,77,77,83,3.4,75
severo-kurilsk,"(38.987440181216584, 164.60418913698498)",38.987440181216584,164.60418913698498,57.65,57.65,78,14.74,63
cidreira,"(-52.10547751662103, -29.791961361003246)",-52.10547751662103,-29.791961361003246,46.76,46.76,74,2.26,69
bur gabo,"(-3.0361663600020563, 44.89711516599513)",-3.0361663600020563,44.89711516599513,54,54,92,18.19,89
seymchan,"(64.63879475586177, 153.35327863248733)",64.63879475586177,153.35327863248733,52.84,52.84,52,17.07,91
shingu,"(22.095002035116366, 140.95788257419082)",22.095002035116366,140.95788257419082,82.4,82.4,78,5.82,75
beloha,"(-26.935723545435422, 43.2400915157657)",-26.935723545435422,43.2400915157657,60.93,60.93,96,5.95,26
malakal,"(9.949244027848763, 32.37667437054668)",9.949244027848763,32.37667437054668,70.65,70.65,94,3.36,2
inverell,"(-29.7941606542584, 150.98205177858335)",-29.7941606542584,150.98205177858335,56.88,59,68,4,0
apozol,"(21.54757288929251, -103.23591267148588)",21.54757288929251,-103.23591267148588,76.05,76.05,62,5.44,100
asau,"(-9.232815191171511, 177.6415170296749)",-9.232815191171511,177.6415170296749,63,63,90,2.84,0
tateyama,"(34.475874833769524, 139.87939102541577)",34.475874833769524,139.87939102541577,72.09,73,88,8.05,75
tpig,"(41.92745777154741, 47.55805293561707)",41.92745777154741,47.55805293561707,55.83,55.83,81,2.59,78
nakatunguru,"(-1.9568397730229492, 33.19907895919812)",-1.9568397730229492,33.19907895919812,73.49,73.49,67,2.86,64
ponta do sol,"(21.400451908902042, -42.53703115440993)",21.400451908902042,-42.53703115440993,70.5,70.5,99,25.17,35
linguere,"(15.004295952772537, -14.666417265164625)",15.004295952772537,-14.666417265164625,82.38,82.38,74,11.7,100
san jose,"(8.66275923272272, -92.21367897467)",8.66275923272272,-92.21367897467,80.35,80.35,68,9.31,4
mayo,"(65.34043061886572, -138.8450119666374)",65.34043061886572,-138.8450119666374,82.6,87.8,48,5.82,1
gerash,"(26.79414000315019, 53.750039038633105)",26.79414000315019,53.750039038633105,82.4,82.4,58,3.36,2
kovdor,"(67.45783753898661, 29.634707606813805)",67.45783753898661,29.634707606813805,48.4,48.4,73,8.01,52
khovu-aksy,"(50.25755062200108, 93.74338699294537)",50.25755062200108,93.74338699294537,63.93,63.93,59,1.23,14
mercedes,"(14.090370048048527, 122.98646766464572)",14.090370048048527,122.98646766464572,44.2,46.99,32,1.99,0
klaksvik,"(67.9007116927852, -3.7214873283305963)",67.9007116927852,-3.7214873283305963,46.4,46.4,93,14.99,98
saint-pierre,"(37.187120352791766, -52.77034150366613)",37.187120352791766,-52.77034150366613,62.83,66.2,77,5.82,71
iqaluit,"(66.98062317513799, -78.53516321881241)",66.98062317513799,-78.53516321881241,68,68,52,12.75,20
guiyang,"(26.86445475500173, 106.79395044856494)",26.86445475500173,106.79395044856494,75.2,75.2,78,6.71,20
likhoslavl,"(57.00538502243185, 35.5172795805108)",57.00538502243185,35.5172795805108,56.07,56.07,97,5.91,3
ryotsu,"(39.85331210589547, 136.79854546411383)",39.85331210589547,136.79854546411383,75.2,75.2,88,5.82,75
taoudenni,"(20.708368584826346, -7.673734428750549)",20.708368584826346,-7.673734428750549,97,97,27,3.22,0
nioro,"(15.392480504583318, -10.64868725338414)",15.392480504583318,-10.64868725338414,76.1,76.1,92,6.17,100
ouahigouya,"(13.941242794817612, -2.3356531370247637)",13.941242794817612,-2.3356531370247637,81.77,81.77,65,10.2,0
urucara,"(-0.8406474977245608, -58.42426127898638)",-0.8406474977245608,-58.42426127898638,77.5,77.5,47,2.3,18
wajir,"(0.9709931462219998, 40.16685985015363)",0.9709931462219998,40.16685985015363,72.59,72.59,78,10.2,0
carora,"(9.990694343119372, -70.19211656383452)",9.990694343119372,-70.19211656383452,79.83,79.83,69,8.84,100
san cristobal,"(-8.480500354402565, -88.71431302941643)",-8.480500354402565,-88.71431302941643,80.33,80.33,69,9.48,3
kushiro,"(41.796048530775124, 144.2430182197836)",41.796048530775124,144.2430182197836,68,68,82,9.17,40
guerrero negro,"(14.258388673096633, -129.8357293913708)",14.258388673096633,-129.8357293913708,71.92,71.92,80,3.22,94
luleburgaz,"(41.73193193257788, 27.282879377709122)",41.73193193257788,27.282879377709122,69.8,69.8,94,11.41,0
saint-francois,"(22.023640960750285, -48.75819086731178)",22.023640960750285,-48.75819086731178,60.8,60.8,67,2.24,0
qaqortoq,"(57.53746760343867, -49.07359263187183)",57.53746760343867,-49.07359263187183,51.8,51.8,71,4.7,85
alice springs,"(-20.702231738363025, 134.78372111258898)",-20.702231738363025,134.78372111258898,86.76,87.8,62,10.29,20
opuwo,"(-19.11618377885719, 13.205360566164586)",-19.11618377885719,13.205360566164586,55.38,55.38,39,6.64,0
nome,"(66.60578188074601, -162.3683645854731)",66.60578188074601,-162.3683645854731,50.92,51.8,81,11.41,90
mar del plata,"(-45.78772679450976, -52.667955141649756)",-45.78772679450976,-52.667955141649756,69.8,69.8,83,4.7,90
ixtapa,"(1.0054818571338444, -110.36601596277703)",1.0054818571338444,-110.36601596277703,77,77,94,2.24,90
kattivakkam,"(13.625613705526092, 81.99286955863954)",13.625613705526092,81.99286955863954,80.6,80.6,94,4.7,75
vitim,"(59.28934533552035, 112.55238405914326)",59.28934533552035,112.55238405914326,62.02,62.02,62,9.71,100
shintomi,"(31.660809387913176, 132.22847057242274)",31.660809387913176,132.22847057242274,84.2,84.2,83,4.7,20
wonthaggi,"(-39.33155607929223, 145.77888751332011)",-39.33155607929223,145.77888751332011,53.64,55,78,6.35,51
anadyr,"(65.61836170881395, 177.84888138300107)",65.61836170881395,177.84888138300107,53.6,53.6,93,2.24,90
kruisfontein,"(-41.78297021701261, 25.125868248475456)",-41.78297021701261,25.125868248475456,52.95,52.95,78,13.15,0
belaya gora,"(68.87024531723168, 145.90650795963023)",68.87024531723168,145.90650795963023,63.95,63.95,92,3.96,30
kaeo,"(-25.617252235916467, 178.38478761182495)",-25.617252235916467,178.38478761182495,60.01,60.01,3,8.01,100
moerai,"(-21.24363802236026, -151.4436780598947)",-21.24363802236026,-151.4436780598947,69.46,69.46,89,11.39,100
harrismith,"(-27.96593724918072, 29.373599337026576)",-27.96593724918072,29.373599337026576,37.18,37.18,74,3.2,0
aswan,"(23.55999469576652, 29.420985529663)",23.55999469576652,29.420985529663,92.68,92.68,25,5.21,12
dhidhdhoo,"(7.302537258199408, 73.70177016004507)",7.302537258199408,73.70177016004507,82.63,82.63,78,17.45,100
cuamba,"(-14.829809388735342, 36.22143135275678)",-14.829809388735342,36.22143135275678,59.31,59.31,87,2.39,28
kokstad,"(-30.7985899401939, 28.812023333131407)",-30.7985899401939,28.812023333131407,44.56,44.56,55,4.7,0
marsa matruh,"(31.327298940513643, 28.351484968873848)",31.327298940513643,28.351484968873848,77,77,69,2.24,0
saldanha,"(-45.324528001591375, -5.15686234192782)",-45.324528001591375,-5.15686234192782,46.4,46.4,87,1.12,0
kununurra,"(-20.384248788311936, 127.80528065619035)",-20.384248788311936,127.80528065619035,73.4,73.4,20,13.87,0
kijang,"(0.3194192371233129, 105.39060129369665)",0.3194192371233129,105.39060129369665,80.6,80.6,83,6.93,75
bolgatanga,"(10.82128577819698, -0.6538189019736649)",10.82128577819698,-0.6538189019736649,75.99,75.99,83,3.74,0
ayan,"(57.674879136287814, 138.26580879366594)",57.674879136287814,138.26580879366594,59.92,59.92,95,10.54,97
casambalangan,"(18.070601457012813, 123.44795738314889)",18.070601457012813,123.44795738314889,82.65,82.65,79,6.08,100
port augusta,"(-28.898001234714698, 138.4401070132575)",-28.898001234714698,138.4401070132575,72.32,72.32,49,6.69,0
suleja,"(9.499963230040024, 7.58870522796812)",9.499963230040024,7.58870522796812,77,77,94,2.24,99
dedougou,"(12.76194371824677, -3.553305948781201)",12.76194371824677,-3.553305948781201,77.58,77.58,78,6.04,0
fairview,"(56.62842319790619, -118.19081455285831)",56.62842319790619,-118.19081455285831,83.97,86,65,3.36,1
kyzyl-mazhalyk,"(50.84525538165539, 90.91257215964634)",50.84525538165539,90.91257215964634,60.66,60.66,68,3.04,100
hamadan,"(34.66710411283043, 48.79059420327235)",34.66710411283043,48.79059420327235,66.51,66.51,36,2.15,0
ascension,"(30.956216367254967, -107.77709651500223)",30.956216367254967,-107.77709651500223,83.44,84.99,74,7.45,100
carupano,"(11.061118416661714, -63.232340705463145)",11.061118416661714,-63.232340705463145,79.65,79.65,84,1.32,69
ormara,"(24.397732073535607, 65.33154721322069)",24.397732073535607,65.33154721322069,84.13,84.13,85,8.14,89
tepechitlan,"(21.648586838828308, -103.33551136413946)",21.648586838828308,-103.33551136413946,70.84,70.84,71,4.94,100
vaitape,"(-16.78454743950013, -155.77296794500575)",-16.78454743950013,-155.77296794500575,80.55,80.55,77,19.3,100
olafsvik,"(62.11605189551787, -25.34388554942626)",62.11605189551787,-25.34388554942626,50.86,50.86,83,7.05,99
kananga,"(-6.280759557362259, 22.314447988784565)",-6.280759557362259,22.314447988784565,68.4,68.4,33,3.51,0
evensk,"(62.284511108532854, 159.19899604795927)",62.284511108532854,159.19899604795927,49.8,49.8,80,10.63,100
wanning,"(15.63381068463947, 114.2806655342057)",15.63381068463947,114.2806655342057,86.67,86.67,67,2.64,100
upernavik,"(84.44079451600322, -52.66742149596293)",84.44079451600322,-52.66742149596293,42.87,42.87,85,5.5,20
brae,"(63.03213447671726, 0.048023594573635364)",63.03213447671726,0.048023594573635364,51.8,51.8,93,17.22,100
sola,"(-11.260411362302747, 172.47165818574024)",-11.260411362302747,172.47165818574024,78.8,78.8,94,20.18,90
bartica,"(5.897021989995906, -59.83712293937435)",5.897021989995906,-59.83712293937435,80.6,80.6,94,2.24,20
wajid,"(4.697961592230243, 43.12392635571206)",4.697961592230243,43.12392635571206,73.53,73.53,80,15.3,9
chicama,"(-10.257932795030229, -84.25078591160293)",-10.257932795030229,-84.25078591160293,60.31,60.31,82,5.28,7
mehamn,"(77.52684017438955, 29.299211725062065)",77.52684017438955,29.299211725062065,52.41,52.41,84,16.69,1
puerto colombia,"(13.747680234631318, -76.5537438043171)",13.747680234631318,-76.5537438043171,78.13,80.6,74,6.93,0
lasa,"(33.309784422306805, 91.16888506912977)",33.309784422306805,91.16888506912977,60.8,60.8,93,3.36,5
pevek,"(86.78937101859756, 169.65359598342405)",86.78937101859756,169.65359598342405,37.11,37.11,93,5.61,100
curuguaty,"(-24.738016074030014, -55.77095893908766)",-24.738016074030014,-55.77095893908766,47.19,47.19,67,3.65,1
mys shmidta,"(84.29197573309372, -179.0117589034344)",84.29197573309372,-179.0117589034344,56.3,56.3,95,3.15,100
tiksi,"(76.15987245310802, 128.5452649543538)",76.15987245310802,128.5452649543538,40.14,40.14,85,8.75,100
daru,"(-10.433272605249243, 143.1883590490911)",-10.433272605249243,143.1883590490911,76.91,76.91,83,16.35,91
lerwick,"(58.800866870030234, 1.7722373186898892)",58.800866870030234,1.7722373186898892,51.8,51.8,93,17.22,96
tessalit,"(23.18808006734389, 4.009082962948071)",23.18808006734389,4.009082962948071,93.18,93.18,22,6.15,0
longyearbyen,"(84.55061776815353, 21.208212688455262)",84.55061776815353,21.208212688455262,51.8,51.8,81,4.7,40
smithers,"(58.662291424768085, -126.93349465242761)",58.662291424768085,-126.93349465242761,73.4,73.4,38,6.93,75
simao,"(22.161921657685085, 101.7261650524452)",22.161921657685085,101.7261650524452,72.46,72.46,78,1.01,2
bulgan,"(47.48100400500954, 102.87581274911696)",47.48100400500954,102.87581274911696,62.19,62.19,70,4.12,0
nyanguge,"(-2.523314248355902, 33.475238061691726)",-2.523314248355902,33.475238061691726,68,68,77,6.93,20
dzerzhinsk,"(54.12603484106404, 27.119527661781518)",54.12603484106404,27.119527661781518,65.75,68,68,6.71,95
birin,"(34.528895665750824, 4.576330646863823)",34.528895665750824,4.576330646863823,78.8,78.8,94,3.36,90
aldan,"(59.79772015122879, 122.74755510432004)",59.79772015122879,122.74755510432004,56.1,56.1,96,5.32,100
honjo,"(39.23936596541651, 139.9036728143057)",39.23936596541651,139.9036728143057,74.32,77,89,1.99,82
san pedro,"(-33.944872471440085, -60.06026958164675)",-33.944872471440085,-60.06026958164675,80.33,80.33,69,9.48,3
victor harbor,"(-36.40869309834454, 138.12201597759895)",-36.40869309834454,138.12201597759895,69.76,73,91,10.02,0
grindavik,"(53.95975927757496, -28.58817014579097)",53.95975927757496,-28.58817014579097,48.2,48.2,100,5.82,90
sosnovo-ozerskoye,"(53.268455648301426, 111.26016804916804)",53.268455648301426,111.26016804916804,67.53,67.53,81,4.54,100
naples,"(25.34896993018127, -82.34369293086765)",25.34896993018127,-82.34369293086765,76.57,78.01,61,1.12,0
roald,"(68.57355271593619, 1.9566795480606345)",68.57355271593619,1.9566795480606345,56.52,57.2,87,10.29,37
groningen,"(6.101620706711657, -55.542005810500314)",6.101620706711657,-55.542005810500314,49.42,52,100,3.36,38
necochea,"(-47.41278504275586, -54.80135171460634)",-47.41278504275586,-54.80135171460634,37.99,37.99,88,3,55
santiago del estero,"(-28.919698759132324, -64.11144463753745)",-28.919698759132324,-64.11144463753745,53.6,53.6,58,2.55,0
ulaangom,"(49.34362275270337, 93.4933624747465)",49.34362275270337,93.4933624747465,66.96,66.96,55,3.8,100
manokwari,"(-2.8808574474346784, 132.9008988705608)",-2.8808574474346784,132.9008988705608,82.99,82.99,69,5.28,41
caserta,"(41.235227772080094, 14.423785452911488)",41.235227772080094,14.423785452911488,76.17,78.01,61,1.12,0
bereznik,"(63.005262965735625, 42.854722722323686)",63.005262965735625,42.854722722323686,56.43,56.43,97,5.06,98
kiama,"(-38.44764350850314, 158.33400497542357)",-38.44764350850314,158.33400497542357,62.01,64,62,3,4
praya,"(-11.694794181290945, 116.10815980156883)",-11.694794181290945,116.10815980156883,78.8,78.8,83,8.05,20
balikpapan,"(-2.441732157958768, 117.58201048035448)",-2.441732157958768,117.58201048035448,78.8,78.8,94,10.29,40
fortuna,"(37.66421998749584, -134.56198563258)",37.66421998749584,-134.56198563258,63,63,78,5.01,2
meulaboh,"(0.10899176373190755, 92.34422187992999)",0.10899176373190755,92.34422187992999,78.6,78.6,74,4.12,95
makakilo city,"(12.461765620810127, -163.15445818357972)",12.461765620810127,-163.15445818357972,85.53,87.8,43,8.05,40
bonfim,"(1.975681279681993, -57.66534748455281)",1.975681279681993,-57.66534748455281,77.65,77.65,68,0.83,64
airai,"(13.4552907513133, 147.11761985099537)",13.4552907513133,147.11761985099537,68.05,68.05,35,4.29,92
hovd,"(42.8444072699927, 100.88041743564406)",42.8444072699927,100.88041743564406,67.06,67.06,39,6.96,16
minot,"(47.54714096673831, -101.34227834533978)",47.54714096673831,-101.34227834533978,83.55,86,37,8.05,1
promissao,"(-21.714766559282538, -50.01846179252115)",-21.714766559282538,-50.01846179252115,67.6,67.6,71,13.27,0
nhulunbuy,"(-12.239892358593877, 136.74980495434744)",-12.239892358593877,136.74980495434744,78.8,78.8,50,20.8,20
ketchikan,"(59.7903059281565, -129.17533601599948)",59.7903059281565,-129.17533601599948,70.18,71.6,53,14.99,1
mayumba,"(-5.404970915596266, 7.768825603813951)",-5.404970915596266,7.768825603813951,71.19,71.19,85,6.73,100
tabas,"(34.52071173748688, 55.30941695517893)",34.52071173748688,55.30941695517893,87.8,87.8,20,2.24,0
sambava,"(-12.720325732921737, 54.955200581840046)",-12.720325732921737,54.955200581840046,68.63,68.63,84,10.13,1
sibolga,"(1.2097183352747862, 96.02325876793986)",1.2097183352747862,96.02325876793986,77.77,77.77,67,3.29,100
ourossogui,"(15.080949282842738, -13.687988238684255)",15.080949282842738,-13.687988238684255,75.2,75.2,100,2.24,20
port blair,"(13.51810308824895, 94.48698378729534)",13.51810308824895,94.48698378729534,72.32,72.32,49,6.69,0
kaitangata,"(-65.17515296142396, 177.06696414373016)",-65.17515296142396,177.06696414373016,53.01,53.01,69,1.99,100
kavaratti,"(9.168701616156028, 65.20634754595301)",9.168701616156028,65.20634754595301,82.29,82.29,78,16.26,83
susanville,"(40.519866932682135, -120.62634362053187)",40.519866932682135,-120.62634362053187,89.08,91.4,5,13.87,1
gombe,"(10.361221402610212, 10.904020180014356)",10.361221402610212,10.904020180014356,74.41,74.41,86,16.15,59
hualmay,"(-18.764268835214054, -89.61405943106003)",-18.764268835214054,-89.61405943106003,59.68,59.68,82,7.61,1
formoso do araguaia,"(-10.626521677969393, -50.763237891872535)",-10.626521677969393,-50.763237891872535,65.34,65.34,51,3.36,16
port hawkesbury,"(41.4439526044286, -60.42128126330719)",41.4439526044286,-60.42128126330719,71.69,71.69,49,6.96,0
hamilton,"(29.048962727579905, -62.4868029776387)",29.048962727579905,-62.4868029776387,84.47,87.01,54,4.7,1
luhyny,"(50.92190695270469, 28.297875657655993)",50.92190695270469,28.297875657655993,60.57,60.57,93,4.92,0
seoul,"(37.366993479615616, 129.8107671096555)",37.366993479615616,129.8107671096555,77.7,78.8,88,6.98,75
tezu,"(29.140322120238096, 96.60025150229029)",29.140322120238096,96.60025150229029,74.77,74.77,86,2.1,100
naron,"(45.56459085075022, -8.720868957403837)",45.56459085075022,-8.720868957403837,63.37,66,88,2.24,0
boli,"(45.920703519891646, 130.1242392103635)",45.920703519891646,130.1242392103635,82.44,82.44,54,0.65,96
olinda,"(-8.474038762171247, -31.44567010130524)",-8.474038762171247,-31.44567010130524,78.8,78.8,69,16.11,75
hobyo,"(1.6723430166484263, 49.31817201409916)",1.6723430166484263,49.31817201409916,77.43,77.43,81,20.33,20
itacoatiara,"(-2.6483998096668984, -58.41385233149161)",-2.6483998096668984,-58.41385233149161,76.35,76.35,53,1.88,83
krasnoselkup,"(62.7052023161267, 85.20364415530935)",62.7052023161267,85.20364415530935,60.48,60.48,56,5.55,42
najran,"(17.830296363057258, 45.57837142122497)",17.830296363057258,45.57837142122497,77,77,61,9.17,40
mahibadhoo,"(3.707339898347854, 72.98192634185352)",3.707339898347854,72.98192634185352,83.34,83.34,76,16.96,8
namibe,"(-12.56732155272266, 9.02804564748024)",-12.56732155272266,9.02804564748024,61.83,61.83,83,6.58,0
san rafael del sur,"(11.332132601889029, -87.28169213995533)",11.332132601889029,-87.28169213995533,80.33,80.33,69,9.48,3
sioux lookout,"(52.477554045146036, -93.01806692147674)",52.477554045146036,-93.01806692147674,72.61,75,83,5.82,90
atar,"(20.302372900321686, -13.138770855424184)",20.302372900321686,-13.138770855424184,84.81,84.81,39,11.34,0
yatou,"(35.68707084221484, 124.60508154260668)",35.68707084221484,124.60508154260668,78.3,78.3,74,5.21,0
dicabisagan,"(17.105050500239145, 124.26903449830593)",17.105050500239145,124.26903449830593,78.49,78.49,89,2.46,100
griffith,"(-32.823881572559955, 144.61712272525665)",-32.823881572559955,144.61712272525665,78.98,80.01,65,5.82,1
mao,"(14.809320339300797, 16.19109999398148)",14.809320339300797,16.19109999398148,77,77,83,8.05,50
xining,"(34.80015071690414, 99.40281198245066)",34.80015071690414,99.40281198245066,60.78,60.78,60,2.04,100
kieta,"(-4.747340383212332, 157.61927709389136)",-4.747340383212332,157.61927709389136,86.09,86.09,63,3.67,100
picui,"(-6.781019285860168, -36.33635134599214)",-6.781019285860168,-36.33635134599214,69.37,69.37,81,21.25,44
ashland,"(37.99214923924589, -82.94137810731054)",37.99214923924589,-82.94137810731054,80.8,82.4,54,6.93,90
itarema,"(6.2074731321906285, -38.30011128347971)",6.2074731321906285,-38.30011128347971,77.85,77.85,80,13.51,7
korla,"(35.99714476995642, 84.82232238907983)",35.99714476995642,84.82232238907983,78.01,78.01,63,11.14,96
boke,"(10.936052614999426, -14.521510358271797)",10.936052614999426,-14.521510358271797,74.5,74.5,94,5.46,100
sawakin,"(21.0923173987331, 36.35200277187951)",21.0923173987331,36.35200277187951,89.82,89.82,57,10.42,100
bloomington,"(39.16241851435535, -86.89400555380114)",39.16241851435535,-86.89400555380114,78.69,80.6,47,9.17,75
qinhuangdao,"(39.23238306073819, 119.73383171463547)",39.23238306073819,119.73383171463547,85.77,85.77,63,8.99,97
lhokseumawe,"(6.401473174214956, 97.97262051638933)",6.401473174214956,97.97262051638933,78.58,78.58,80,4.92,100
finnsnes,"(70.80473873650891, 17.730146470111123)",70.80473873650891,17.730146470111123,57.2,57.2,93,13.87,100
areado,"(-21.429333439200448, -46.12074096698436)",-21.429333439200448,-46.12074096698436,67.75,67.75,52,1.23,59
tura,"(67.44317011288459, 97.48138411369877)",67.44317011288459,97.48138411369877,73.06,73.06,99,6.71,100
torbay,"(37.764593116621356, -45.81359667333467)",37.764593116621356,-45.81359667333467,52.81,54,100,8.05,90
lagoa,"(47.05904402793149, -25.85381255363717)",47.05904402793149,-25.85381255363717,73.87,73.87,91,27.2,41
ghorawal,"(24.56712913946815, 82.58593526794277)",24.56712913946815,82.58593526794277,81.61,81.61,79,4.92,100
siyabuswa,"(-24.90011070427782, 28.920544507142097)",-24.90011070427782,28.920544507142097,46.98,46.98,53,3.29,0
lubango,"(-14.725104291588252, 14.052078514574845)",-14.725104291588252,14.052078514574845,54.36,54.36,44,5.12,0
camabatela,"(-8.584290209918393, 15.516780869669418)",-8.584290209918393,15.516780869669418,54.9,54.9,88,1.72,0
dunedin,"(-56.77582091447418, 177.25320786797306)",-56.77582091447418,177.25320786797306,46.99,46.99,80,15.01,100
vanimo,"(0.388449827495549, 142.8052916465258)",0.388449827495549,142.8052916465258,85.84,85.84,63,6.51,0
tubuala,"(10.774960764910347, -78.9141136872636)",10.774960764910347,-78.9141136872636,81.81,82.4,83,3.36,40
yulara,"(-21.889347739709265, 128.90794007461483)",-21.889347739709265,128.90794007461483,57.2,57.2,30,10.29,0
porto novo,"(13.880950233604167, -35.31322490344684)",13.880950233604167,-35.31322490344684,66,70,100,0.09,0
kant,"(41.725255426393744, 74.41079963085835)",41.725255426393744,74.41079963085835,79.3,79.3,90,7.74,100
awjilah,"(28.28789819759119, 19.919995557681943)",28.28789819759119,19.919995557681943,77.25,77.25,47,5.28,0
worthington,"(43.366138675548825, -95.54143367338422)",43.366138675548825,-95.54143367338422,82.98,86,45,6.93,20
tenenkou,"(14.465370453041217, -5.355115883426777)",14.465370453041217,-5.355115883426777,84.2,84.2,59,8.61,0
mount gambier,"(-48.790133042254645, 131.5102623668452)",-48.790133042254645,131.5102623668452,54.12,55.99,87,2.77,99
hadejia,"(12.223096757404264, 10.340833554041296)",12.223096757404264,10.340833554041296,81.12,81.12,68,8.97,99
sabha,"(27.83970590091529, 14.098132653680722)",27.83970590091529,14.098132653680722,81.63,81.63,19,13.22,0
port elizabeth,"(-42.476913421766135, 27.27003271375426)",-42.476913421766135,27.27003271375426,71.69,71.69,49,6.96,0
tigzirt,"(36.95521192617227, 3.6937020265041838)",36.95521192617227,3.6937020265041838,82.65,82.65,41,2.01,0
aklavik,"(68.16885094643118, -140.88032512584493)",68.16885094643118,-140.88032512584493,55.4,55.4,76,4.7,75
vila velha,"(-26.703276585105655, -25.780050341009343)",-26.703276585105655,-25.780050341009343,70.61,72,73,1.12,0
san juan bautista,"(-26.596267825502927, -57.37062642381524)",-26.596267825502927,-57.37062642381524,80.35,80.35,68,9.31,4
chapais,"(55.126099596850366, -72.73063241799507)",55.126099596850366,-72.73063241799507,66.2,66.2,82,5.82,75
champerico,"(6.298567060356987, -96.04023831126392)",6.298567060356987,-96.04023831126392,75.2,75.2,94,3.29,40
bambous virieux,"(-29.290201762200326, 74.0251024893081)",-29.290201762200326,74.0251024893081,68.85,69.8,88,8.05,40
shimoda,"(29.469238074157786, 139.67847868867824)",29.469238074157786,139.67847868867824,68.18,71.6,88,10.29,75
tiznit,"(29.00826629203867, -10.393622379847244)",29.00826629203867,-10.393622379847244,75.72,75.72,45,0.96,0
keuruu,"(62.242299080494945, 24.097973954148273)",62.242299080494945,24.097973954148273,52.99,54,93,4.7,20
bela,"(25.89839630421106, 65.9904064951059)",25.89839630421106,65.9904064951059,83.21,83.21,81,4.76,100
palmer,"(60.278786279675785, -145.4791777022124)",60.278786279675785,-145.4791777022124,78.82,82.4,54,6.93,75
komsomolskiy,"(44.19111346342848, 47.82710329618317)",44.19111346342848,47.82710329618317,75.2,75.2,41,6.93,0
wattegama,"(3.9444253162418192, 86.48160630345183)",3.9444253162418192,86.48160630345183,75.2,75.2,100,6.93,75
amapa,"(2.632112852966671, -48.022311989719526)",2.632112852966671,-48.022311989719526,73.72,73.72,83,2.57,25
benin,"(6.16704931087429, 5.482420159510127)",6.16704931087429,5.482420159510127,70.93,70.93,95,4.03,19
san patricio,"(12.282433477243003, -111.28611929683957)",12.282433477243003,-111.28611929683957,80.33,80.33,69,9.48,3
soyo,"(-8.000398619392485, 8.791859597547102)",-8.000398619392485,8.791859597547102,71.38,71.38,84,9.04,34
lakes entrance,"(-39.266212176722796, 147.89514435237658)",-39.266212176722796,147.89514435237658,74.05,75,46,4.27,1
nara,"(16.1229034443639, -7.81773812422324)",16.1229034443639,-7.81773812422324,83.57,84.2,74,6.93,75
tuatapere,"(-46.906117266830485, 160.42334010544658)",-46.906117266830485,160.42334010544658,55.58,55.58,69,9.44,100
esmeralda,"(22.6309627297408, -77.64373779755576)",22.6309627297408,-77.64373779755576,82.4,82.4,88,12.75,5
faya,"(22.332685399928067, 25.102112197780116)",22.332685399928067,25.102112197780116,61.7,62.6,87,9.17,75
riyadh,"(20.499840135414715, 47.58136820449707)",20.499840135414715,47.58136820449707,89.6,89.6,31,8.66,0
guatire,"(10.60288184445237, -66.0522622549182)",10.60288184445237,-66.0522622549182,80.6,80.6,88,3.36,90
deputatskiy,"(70.75797398036212, 140.7186053177474)",70.75797398036212,140.7186053177474,46.78,46.78,59,8.16,78
ushtobe,"(45.42144648788468, 77.22860555673793)",45.42144648788468,77.22860555673793,69.6,69.6,44,5.44,0
porto santo,"(31.70921230700999, -14.062972463868476)",31.70921230700999,-14.062972463868476,65.91,70,100,0.45,0
yerbogachen,"(61.34839437371994, 106.98294038851822)",61.34839437371994,106.98294038851822,60.33,60.33,67,11.72,100
iwanai,"(43.656072944236286, 139.62617462036104)",43.656072944236286,139.62617462036104,80.1,80.1,51,2.71,0
mahebourg,"(-45.92748940820974, 79.09995705204739)",-45.92748940820974,79.09995705204739,69.8,69.8,88,8.05,40
avera,"(-28.573165008655337, -153.31839631964144)",-28.573165008655337,-153.31839631964144,83.77,84.2,70,9.31,90
rameswaram,"(8.86735894184028, 79.80231757555896)",8.86735894184028,79.80231757555896,82.8,82.8,76,14.41,100
bawku,"(11.029625128618079, -0.5432972279132287)",11.029625128618079,-0.5432972279132287,76.75,76.75,80,4.54,0
chokurdakh,"(76.11734079561307, 150.5465738119836)",76.11734079561307,150.5465738119836,49.73,49.73,54,8.81,58
rodrigues alves,"(-12.317289417791613, -64.36562774558185)",-12.317289417791613,-64.36562774558185,70.81,70.81,83,18.5,89
sapul,"(13.375037859719498, 121.2287659521919)",13.375037859719498,121.2287659521919,80.94,80.94,82,3.29,100
bentonville,"(36.29052313917181, -94.32217167925766)",36.29052313917181,-94.32217167925766,78.8,78.8,83,5.82,75
cap malheureux,"(-16.872178773913518, 58.17835236210638)",-16.872178773913518,58.17835236210638,54.01,57.99,93,2.24,56
peace river,"(56.1541132083934, -117.1290775732015)",56.1541132083934,-117.1290775732015,69.4,69.4,46,1.57,0
ferkessedougou,"(9.549382406290277, -4.101991679580664)",9.549382406290277,-4.101991679580664,71.26,71.26,93,4.34,0
zhigansk,"(67.821066138271, 120.47695324707524)",67.821066138271,120.47695324707524,54.19,54.19,57,19.44,0
troitskoye,"(55.77885589696476, 72.67160860688483)",55.77885589696476,72.67160860688483,57.76,57.76,94,11.77,100
itoman,"(21.707203689500687, 129.4546770925715)",21.707203689500687,129.4546770925715,86.47,87.8,70,12.75,75
bilma,"(16.497798930463006, 13.684871650249846)",16.497798930463006,13.684871650249846,91.18,91.18,20,3.29,7
morton,"(40.599792938245315, -89.34054234711094)",40.599792938245315,-89.34054234711094,83.89,86,54,5.82,1
puro,"(18.199228722996125, 117.44802193362943)",18.199228722996125,117.44802193362943,83.71,83.71,77,10.45,100
bara,"(14.511655379754302, 30.74630133689726)",14.511655379754302,30.74630133689726,73.96,73.96,91,10.56,17
bemidji,"(47.21183340577727, -94.41992880444042)",47.21183340577727,-94.41992880444042,74.62,75.2,50,4.7,1
yeniseysk,"(58.597374671665705, 90.87534314423107)",58.597374671665705,90.87534314423107,66.58,66.58,71,7.49,0
altay,"(47.74578468802602, 87.78506920680559)",47.74578468802602,87.78506920680559,67.41,67.41,43,3.67,100
neryungri,"(57.042326929127114, 124.20298595164297)",57.042326929127114,124.20298595164297,64.13,64.13,85,4.92,100
miranda,"(-19.558016694636578, -55.90710319245642)",-19.558016694636578,-55.90710319245642,78.8,78.8,65,5.82,40
powell river,"(50.99616139922739, -124.63523182559868)",50.99616139922739,-124.63523182559868,82.96,86,45,6.93,20
alofi,"(-20.9763458054222, -166.40567206670016)",-20.9763458054222,-166.40567206670016,75.2,75.2,60,19.46,75
eureka,"(41.27665084149089, -137.44561655454334)",41.27665084149089,-137.44561655454334,58.1,59,87,5.82,75
berlin,"(44.94993527418728, -71.05175467753318)",44.94993527418728,-71.05175467753318,53.01,55,81,2.24,59
oksfjord,"(71.59454126815183, 22.272223927336228)",71.59454126815183,22.272223927336228,62.6,62.6,72,11.41,100
san policarpo,"(15.850801876439434, 132.30492700609295)",15.850801876439434,132.30492700609295,80.33,80.33,69,9.48,3
yar-sale,"(66.71550970964955, 70.82594409866033)",66.71550970964955,70.82594409866033,53.22,53.22,75,6.71,1
bandarbeyla,"(8.963302415380298, 59.93091550622407)",8.963302415380298,59.93091550622407,78.44,78.44,73,23.51,0
gisborne,"(-39.711065004388196, 178.50823120216944)",-39.711065004388196,178.50823120216944,57.99,57.99,55,4,0
haines junction,"(61.76359148684074, -142.47740675270853)",61.76359148684074,-142.47740675270853,74.12,75.2,46,3.58,1
hervey bay,"(-22.925271909049982, 158.05534619947184)",-22.925271909049982,158.05534619947184,87.82,89.6,55,9.17,1
abalak,"(17.106948731074482, 5.450260396166527)",17.106948731074482,5.450260396166527,50.59,50.59,78,2.53,82
san carlos,"(-22.272165226287854, -57.287433871749045)",-22.272165226287854,-57.287433871749045,80.35,80.35,68,9.31,4
berlevag,"(83.41958271951785, 31.421136448765168)",83.41958271951785,31.421136448765168,52.59,52.59,86,16.67,43
rocha,"(-49.35743052109522, -40.28858029575562)",-49.35743052109522,-40.28858029575562,39.02,39.02,86,2.06,0
uporovo,"(56.18364353236018, 66.18780015681588)",56.18364353236018,66.18780015681588,55.17,55.17,64,7.56,100
inuvik,"(67.29494789414736, -131.55353318533233)",67.29494789414736,-131.55353318533233,55.4,55.4,76,4.7,75
lavrentiya,"(70.28826840521151, -168.91584747953382)",70.28826840521151,-168.91584747953382,48.2,48.2,83,6.82,100
aripuana,"(-7.974522935138879, -59.79993407825485)",-7.974522935138879,-59.79993407825485,76.28,76.28,44,1.9,0
novyy urengoy,"(65.88150170738427, 76.36409138143551)",65.88150170738427,76.36409138143551,66.42,66.99,100,2.24,20
palu,"(1.351364115633345, 120.32870911198296)",1.351364115633345,120.32870911198296,81.97,81.97,71,2.04,99
heidenheim,"(48.724566847009754, 10.180061713563163)",48.724566847009754,10.180061713563163,57.99,59,58,0.85,0
poum,"(-19.144603949253863, 162.5545801982998)",-19.144603949253863,162.5545801982998,73.71,73.71,87,22.12,47
pisco,"(-28.028475202568117, -99.00090991342313)",-28.028475202568117,-99.00090991342313,60.44,60.8,82,12.75,90
jacqueville,"(3.562516128807161, -4.224449000664464)",3.562516128807161,-4.224449000664464,75.2,75.2,100,3.36,75
acajutla,"(13.12657182927255, -90.04381119745206)",13.12657182927255,-90.04381119745206,82.4,82.4,65,4.29,96
morehead,"(-11.117756376606522, 141.32734389340527)",-11.117756376606522,141.32734389340527,78.85,79,83,1.99,1
ballina,"(-31.958266495815387, 163.00642031026325)",-31.958266495815387,163.00642031026325,64.42,66,63,12.75,21
prince rupert,"(47.93787846704166, -135.93182668093255)",47.93787846704166,-135.93182668093255,84.2,84.2,62,6.93,1
ternate,"(1.342902647960301, 127.56890008225963)",1.342902647960301,127.56890008225963,81.57,81.57,78,7.11,100
suntar,"(62.22059819845413, 118.23071168460535)",62.22059819845413,118.23071168460535,63.32,63.32,56,5.46,64
narsaq,"(86.64208882255005, -59.16436894132747)",86.64208882255005,-59.16436894132747,51.8,51.8,71,4.7,92
yenagoa,"(2.2375475395710964, 4.209554505038199)",2.2375475395710964,4.209554505038199,73.44,73.44,92,3.71,93
bonnyville,"(54.88688941685277, -111.03638975774184)",54.88688941685277,-111.03638975774184,80.6,80.6,51,8.05,20
shevchenkove,"(47.02888161251826, 31.98036307936033)",47.02888161251826,31.98036307936033,68,68,64,2.24,5
san antonio,"(-33.419401109227344, -72.94711511663498)",-33.419401109227344,-72.94711511663498,80.35,80.35,68,9.31,4
esso,"(55.76811899505782, 157.318024919756)",55.76811899505782,157.318024919756,61.83,61.83,63,5.19,97
antalya,"(37.08852141022686, 30.695686898077838)",37.08852141022686,30.695686898077838,80.6,80.6,65,5.82,0
cabedelo,"(-5.357156343908642, -25.162705877641514)",-5.357156343908642,-25.162705877641514,73.4,73.4,94,12.75,90
lompoc,"(22.530223765858864, -134.23666456716)",22.530223765858864,-134.23666456716,65.26,68,72,13.87,8
comodoro rivadavia,"(-43.8417704256718, -67.28052799554972)",-43.8417704256718,-67.28052799554972,69.58,69.58,54,7.11,0
nuuk,"(61.114553853167905, -53.50321396940147)",61.114553853167905,-53.50321396940147,46.4,46.4,93,3.36,97
tecolutilla,"(18.31856470004847, -93.52651315613066)",18.31856470004847,-93.52651315613066,93.2,93.2,52,12.75,40
shaunavon,"(47.99560876913972, -107.9187698851201)",47.99560876913972,-107.9187698851201,89.89,89.89,26,5.03,0
veraval,"(18.553261141318046, 68.63022865520557)",18.553261141318046,68.63022865520557,83.88,83.88,81,12.33,100
pochutla,"(14.27439274675065, -95.92544673701683)",14.27439274675065,-95.92544673701683,78.8,78.8,69,5.82,90
tomatlan,"(18.960406702708397, -108.5646677237126)",18.960406702708397,-108.5646677237126,79.43,79.43,86,2.37,100
katsuura,"(30.839412294934405, 141.66473535362695)",30.839412294934405,141.66473535362695,71.24,71.6,88,8.05,75
faanui,"(0.4039690352625769, -155.18687492668525)",0.4039690352625769,-155.18687492668525,79.72,79.72,78,19.24,100
pattani,"(7.102062187483128, 101.24217787937783)",7.102062187483128,101.24217787937783,78.8,78.8,94,2.24,40
dawson creek,"(54.46120236849683, -120.73782590675835)",54.46120236849683,-120.73782590675835,75.33,77,94,8.72,90
ouargaye,"(11.32068975782532, 0.5668732825519953)",11.32068975782532,0.5668732825519953,77.43,77.43,77,7.65,64
colares,"(38.33341086458543, -12.14914133687239)",38.33341086458543,-12.14914133687239,65.75,66,77,15.01,0
gawler,"(-33.4355220004243, 139.66625094424387)",-33.4355220004243,139.66625094424387,53.33,55,90,1.19,3
sterling,"(39.8128914100576, -103.0975949455473)",39.8128914100576,-103.0975949455473,82.6,87.01,54,4.7,1
manggar,"(-2.4796471736590746, 108.64350173306968)",-2.4796471736590746,108.64350173306968,81.27,81.27,73,13.04,81
leh,"(36.230181106623036, 81.94105048654723)",36.230181106623036,81.94105048654723,59.29,59.29,44,1.3,64
de-kastri,"(51.77539078249248, 141.1880818375405)",51.77539078249248,141.1880818375405,81.81,81.81,60,6.67,20
beyla,"(8.257457435873974, -8.61057931496481)",8.257457435873974,-8.61057931496481,66.67,66.67,98,4,50
mana,"(11.463805085378837, -53.32753546351212)",11.463805085378837,-53.32753546351212,79.25,79.25,84,9.98,83
half moon bay,"(28.68080368973179, -136.10350763609918)",28.68080368973179,-136.10350763609918,77,77,83,7.05,75
ocampo,"(26.6337279804669, -102.78662318825707)",26.6337279804669,-102.78662318825707,64.8,64.8,75,8.93,100
kerman,"(30.58566234301516, 57.77620499756256)",30.58566234301516,57.77620499756256,73.4,73.4,23,4.7,0
luderitz,"(-26.697760298660825, 9.906038400890282)",-26.697760298660825,9.906038400890282,64.4,64.4,52,6.93,0
gimbi,"(8.93532447389839, 35.48692538942092)",8.93532447389839,35.48692538942092,56.59,56.59,100,1.61,100
lorengau,"(-3.3848833488399777, 146.1703728651309)",-3.3848833488399777,146.1703728651309,85.73,85.73,63,6.2,43
pundaguitan,"(5.230386321246158, 127.6357536496306)",5.230386321246158,127.6357536496306,80.8,80.8,80,5.68,99
son tay,"(21.07702309512095, 105.57418659290909)",21.07702309512095,105.57418659290909,54.52,55.99,93,3.09,90
sarkand,"(45.854557996684775, 79.79884782911682)",45.854557996684775,79.79884782911682,63.79,63.79,47,3.56,0
marsh harbour,"(28.972795722601703, -76.72622353181359)",28.972795722601703,-76.72622353181359,54.14,55.99,87,2.93,100
diebougou,"(10.664611328405357, -3.000719860286779)",10.664611328405357,-3.000719860286779,74.5,74.5,87,4.61,1
reforma,"(17.998744832539714, -90.77879547681216)",17.998744832539714,-90.77879547681216,81.84,81.84,71,5.88,24
mount pleasant,"(31.932112426491372, -78.8326979657182)",31.932112426491372,-78.8326979657182,54.1,55.99,87,2.77,99
nuevo ideal,"(25.169349778542767, -104.98006210510056)",25.169349778542767,-104.98006210510056,94.15,98.01,28,12.75,1
jaipur hat,"(25.16560859511587, 89.21025445076606)",25.16560859511587,89.21025445076606,78.8,78.8,88,2.24,40
kipini,"(-3.3560706232568123, 41.33004415884625)",-3.3560706232568123,41.33004415884625,77.04,77.04,85,15.55,13
bathsheba,"(17.618718054847733, -52.48531121868285)",17.618718054847733,-52.48531121868285,82.4,82.4,83,13.87,40
dudinka,"(71.37079658631549, 86.12399685898828)",71.37079658631549,86.12399685898828,62.6,62.6,55,11.18,4
aksarka,"(65.06899315802968, 68.71030881642235)",65.06899315802968,68.71030881642235,49.71,49.71,83,8.97,100
newport,"(45.34808742579011, -125.50495652805091)",45.34808742579011,-125.50495652805091,58.03,60.01,84,2.19,90
shirokiy,"(49.42620141963698, 129.55387440124315)",49.42620141963698,129.55387440124315,78.69,78.69,71,5.73,0
atherton,"(-18.173074767008927, 145.37971361424047)",-18.173074767008927,145.37971361424047,57.51,59,73,1.99,99
grand river south east,"(-25.554596420827465, 78.34115821763987)",-25.554596420827465,78.34115821763987,98.6,98.6,11,8.41,1
shenzhen,"(19.84812777859571, 115.09423270833918)",19.84812777859571,115.09423270833918,87.55,91.99,79,4.7,20
varkaus,"(62.78210187973974, 28.68168042966741)",62.78210187973974,28.68168042966741,54.61,59,93,9.17,90
vila do maio,"(13.907516653508651, -22.242500567383303)",13.907516653508651,-22.242500567383303,70.61,72,73,1.12,0
januaria,"(-14.848176298110857, -45.140192754372265)",-14.848176298110857,-45.140192754372265,73.29,73.29,41,2.17,85
birjand,"(33.99988687410648, 59.57348302777601)",33.99988687410648,59.57348302777601,71.6,71.6,30,13.87,0
sao francisco,"(-15.947524283165052, -44.59363986424148)",-15.947524283165052,-44.59363986424148,74.8,74.8,92,5.79,100
ust-kuyga,"(69.33278261382827, 134.733861241539)",69.33278261382827,134.733861241539,45.45,45.45,70,6.64,100
abeche,"(13.157070944010613, 20.69543868712131)",13.157070944010613,20.69543868712131,73.96,73.96,76,12.88,83
goderich,"(5.986248764420708, -15.62473393345661)",5.986248764420708,-15.62473393345661,72.9,75.99,76,0.49,44
assiniboia,"(49.289809293160175, -105.30056602576681)",49.289809293160175,-105.30056602576681,89.92,89.92,29,5.79,6
ambunti,"(-4.272032490562125, 142.72099518466302)",-4.272032490562125,142.72099518466302,87.35,87.35,64,2.42,44
peterhead,"(57.52408905482244, -1.4500502638100272)",57.52408905482244,-1.4500502638100272,46.44,50,87,6.93,75
turan,"(53.01415606128799, 94.75145343881024)",53.01415606128799,94.75145343881024,89.6,89.6,66,1.12,20
iracoubo,"(8.48116261855587, -52.06231925939902)",8.48116261855587,-52.06231925939902,79.38,79.38,82,10.07,96
westport,"(57.067803928774396, -14.588481513070292)",57.067803928774396,-14.588481513070292,79.12,82.4,69,9.17,1
esperance,"(-49.63866381880398, 125.24367362921612)",-49.63866381880398,125.24367362921612,51.8,51.8,81,17.22,0
akdepe,"(41.172782606227685, 58.485890857838285)",41.172782606227685,58.485890857838285,77.9,80.6,33,11.41,20
margate,"(-39.49989337938231, 41.40458676629521)",-39.49989337938231,41.40458676629521,60.67,63,65,1.01,23
phirangipuram,"(16.19768144691129, 80.32084658806554)",16.19768144691129,80.32084658806554,82.4,82.4,94,5.26,75
flin flon,"(59.668590821838336, -102.1842480667957)",59.668590821838336,-102.1842480667957,58.37,59,62,2.24,0
castelnaudary,"(43.3460486122473, 2.0697078197825647)",43.3460486122473,2.0697078197825647,71.89,73.4,78,2.24,0
alexander city,"(32.85228902318852, -86.20198278707245)",32.85228902318852,-86.20198278707245,75.87,77,94,4.7,90
bilibino,"(67.03640220450242, 167.05593923966887)",67.03640220450242,167.05593923966887,57.63,57.63,37,7.34,0
severomorsk,"(68.71628302798536, 33.82771095421907)",68.71628302798536,33.82771095421907,50,50,87,8.95,75
gat,"(27.8881012701097, 9.016168898807535)",27.8881012701097,9.016168898807535,76.01,80.01,57,0.65,0
ocos,"(12.541699927048285, -93.85449757178536)",12.541699927048285,-93.85449757178536,74.25,75.2,100,14.99,90
yantal,"(57.865970954041785, 105.20293231016524)",57.865970954041785,105.20293231016524,62.51,62.51,66,5.14,99
magadan,"(56.021400946974865, 150.95354099123523)",56.021400946974865,150.95354099123523,62.46,62.46,42,15.05,95
rio gallegos,"(-51.831422803982754, -69.00377988831238)",-51.831422803982754,-69.00377988831238,75.15,78.8,57,5.21,0
yanam,"(14.849209532966853, 84.43216371265544)",14.849209532966853,84.43216371265544,81.05,81.05,87,3.6,100
castrovillari,"(39.885485487369124, 16.130716091553523)",39.885485487369124,16.130716091553523,72,72,67,1.01,0
hambantota,"(3.203397861430446, 82.4244345352692)",3.203397861430446,82.4244345352692,75.2,75.2,100,6.93,75
okahandja,"(-21.50772280791199, 17.616751452992418)",-21.50772280791199,17.616751452992418,55.4,55.4,28,9.17,0
guhagar,"(16.797763631327058, 70.59321153811067)",16.797763631327058,70.59321153811067,78.48,78.48,87,0.56,100
watertown,"(45.14265402158662, -97.49395128757236)",45.14265402158662,-97.49395128757236,81.46,84,51,8.05,40
shache,"(36.72369894017842, 76.70568793443499)",36.72369894017842,76.70568793443499,77.81,77.81,23,7.05,0
alamogordo,"(33.300581160050086, -106.19352826038816)",33.300581160050086,-106.19352826038816,98.85,99,14,8.05,1
salalah,"(13.992058879051399, 56.50322302173137)",13.992058879051399,56.50322302173137,80.6,80.6,100,6.93,75
shakhovskaya,"(56.268485572687865, 35.338271868597076)",56.268485572687865,35.338271868597076,57.67,57.67,97,7.94,5
asosa,"(11.291764727638721, 34.94702132295865)",11.291764727638721,34.94702132295865,60.73,60.73,95,1.99,92
palana,"(59.05060405989474, 159.73893421503487)",59.05060405989474,159.73893421503487,52.86,52.86,80,8.19,5
ambovombe,"(-32.685070379250625, 47.463530677808365)",-32.685070379250625,47.463530677808365,64.31,64.31,70,8.39,30
puerto maldonado,"(-12.419773375658352, -69.42213962099777)",-12.419773375658352,-69.42213962099777,78.8,80.6,74,6.93,0
bacungan,"(10.56900814234335, 117.97318048712981)",10.56900814234335,117.97318048712981,85.46,85.46,68,5.59,83
wapi pathum,"(15.958969588695936, 103.3796848189449)",15.958969588695936,103.3796848189449,76.17,76.17,92,5.5,100
saravan,"(15.810354875170802, 106.14413368658347)",15.810354875170802,106.14413368658347,71.6,71.6,60,6.93,1
varena,"(53.954904418322286, 24.562373318253123)",53.954904418322286,24.562373318253123,51.01,53.01,93,5.82,0
oktyabrskoye,"(62.89513007068257, 68.47353472475814)",62.89513007068257,68.47353472475814,66.09,66.2,93,2.24,67
sidi ali,"(35.952520952839265, 1.3429185470650964)",35.952520952839265,1.3429185470650964,70.38,70.38,95,2.13,100
outjo,"(-19.201309956869196, 16.114855129040222)",-19.201309956869196,16.114855129040222,51.53,51.53,40,6.89,0
charapan,"(19.74720463360066, -102.3147388449595)",19.74720463360066,-102.3147388449595,66.2,66.2,88,3.44,75
panorama,"(-20.938933367171472, -52.65950774004803)",-20.938933367171472,-52.65950774004803,80.55,82,60,2.24,0
zimapan,"(20.89737156361599, -99.3760782253244)",20.89737156361599,-99.3760782253244,63.41,63.41,89,6.67,75
taltal,"(-24.41035092880084, -80.54672358726887)",-24.41035092880084,-80.54672358726887,56.3,56.3,73,2.15,100
srednekolymsk,"(73.36090445124532, 154.8040851660105)",73.36090445124532,154.8040851660105,51.64,51.64,60,14.09,100
saint-augustin,"(50.083301523885154, -59.22932388089559)",50.083301523885154,-59.22932388089559,58.19,58.19,84,12.84,98
salinopolis,"(5.33335726278078, -45.401880898495904)",5.33335726278078,-45.401880898495904,78.85,78.85,82,7.92,0
nanortalik,"(55.73558416808635, -46.389788202110964)",55.73558416808635,-46.389788202110964,46.38,46.38,90,6.33,39
emba,"(46.498847864340235, 58.93943025118182)",46.498847864340235,58.93943025118182,72.19,72.19,34,4.38,92
portland,"(-50.301353073783304, 133.53015704858427)",-50.301353073783304,133.53015704858427,92.07,95,27,11.41,20
touros,"(0.08536910175625678, -24.472165720184137)",0.08536910175625678,-24.472165720184137,73.4,73.4,94,3.36,40
praia da vitoria,"(48.477103396839595, -21.520220996080724)",48.477103396839595,-21.520220996080724,78.8,78.8,83,8.05,20
matagami,"(51.048860972812236, -76.5990379116747)",51.048860972812236,-76.5990379116747,64.4,64.4,93,4.83,40
staffanstorp,"(55.65309356515422, 13.325100630488038)",55.65309356515422,13.325100630488038,57.06,57.2,71,14.99,75
fort nelson,"(62.70230500920161, -120.48305133880282)",62.70230500920161,-120.48305133880282,51.37,52,85,3.89,72
hofn,"(70.6582292421316, -9.702902571762166)",70.6582292421316,-9.702902571762166,51.37,51.37,83,3.29,0
camacha,"(39.683177169120086, -16.36246687416437)",39.683177169120086,-16.36246687416437,69.8,69.8,73,6.93,75
mount isa,"(-22.729513028035015, 141.9197130219943)",-22.729513028035015,141.9197130219943,54.1,55.99,87,2.95,100
neiafu,"(-18.041571329628425, -174.06710593408783)",-18.041571329628425,-174.06710593408783,75.2,75.2,64,10.29,75
skjervoy,"(75.25926800173593, 20.11654011970856)",75.25926800173593,20.11654011970856,59.36,59.36,72,15.14,92
rio grande,"(-41.72446089950001, -41.868759888590205)",-41.72446089950001,-41.868759888590205,75.15,78.8,57,5.21,0
mirebalais,"(18.82764648444231, -72.17552578828449)",18.82764648444231,-72.17552578828449,86,86,79,4.7,20
ukiah,"(35.284348928073754, -129.7388117404211)",35.284348928073754,-129.7388117404211,90.57,96.8,18,8.05,1
lahan,"(27.13458876461428, 86.32713522595049)",27.13458876461428,86.32713522595049,82.27,82.27,75,2.53,100
baglan,"(35.77760482699077, 68.5982317601736)",35.77760482699077,68.5982317601736,79.57,79.57,28,1.45,0
pacific grove,"(33.549069252219624, -127.45939465721035)",33.549069252219624,-127.45939465721035,74.23,75.99,96,4.74,100
santa isabel do rio negro,"(-0.5738186583372169, -64.25365516791328)",-0.5738186583372169,-64.25365516791328,81.16,81.16,78,1.43,100
kuusamo,"(65.66625781707117, 29.647326843257446)",65.66625781707117,29.647326843257446,57.2,57.2,87,10.29,75
godo,"(35.43205315064431, 136.69118307391392)",35.43205315064431,136.69118307391392,78.8,78.8,88,4.7,75
vangaindrano,"(-24.101463907252352, 48.181586771864716)",-24.101463907252352,48.181586771864716,65.34,65.34,91,5.68,59
severodvinsk,"(66.02539833501854, 39.52547338104466)",66.02539833501854,39.52547338104466,55.4,55.4,87,8.95,95
zyryanka,"(65.52634317884707, 151.28617909579077)",65.52634317884707,151.28617909579077,54.39,54.39,49,15.17,97
georgiyevka,"(44.89147619022776, 75.3022763683814)",44.89147619022776,75.3022763683814,59,59,77,8.95,0
prince albert,"(53.37409289538326, -105.94598620485037)",53.37409289538326,-105.94598620485037,84.2,84.2,62,6.93,1
reinosa,"(42.97526332330935, -3.7740878513133964)",42.97526332330935,-3.7740878513133964,69.24,69.8,83,4.7,90
buenaventura,"(4.1072731914195515, -76.84195954906856)",4.1072731914195515,-76.84195954906856,76.3,76.3,92,1.83,95
ossora,"(59.57454242406632, 162.47252962179505)",59.57454242406632,162.47252962179505,58.57,58.57,85,7.85,94
marstal,"(54.84843518204957, 10.460055511868433)",54.84843518204957,10.460055511868433,54.77,55.4,76,8.05,1
